﻿Column Name,Description,Data Type,Fill Rate
CAUSE,"Cause: Human, Lightning, or Unknown",Categorical,99.2%
COMPLEX,Is fire part of Fire Complex?,Boolean,99.4%
DISCOVERY_DATE,Discovery date - estimate of start date,Datetime,100.0%
DISCOVERY_DOY,Discovery day of year ,Numeric,100.0%
EVACUATION_REPORTED,Were evacuations reported?,Boolean,83.0%
EXPECTED_CONTAINMENT_DATE,Expected Containment Date,Datetime,69.5%
FATALITIES,Total Number of Fatalities (zero values included),Numeric,100.0%
FINAL_ACRES,Final reported size of fire,Numeric,100.0%
FINAL_REPORT_DATE,Final report date (or last sitrep date),Datetime,100.0%
FOD_CAUSE_CODE,FPA FOD Cause code 1-13,Numeric,86.5%
FOD_CAUSE_DESCR,"FPA FOD Cause description (e.g. Arson, Lightning, Debris)",Categorical,86.5%
FOD_COMPLEX_NAME,FPA FOD Fire Complex Name,Text,4.0%
FOD_CONTAIN_DOY,FPA FOD Containment Date Day of Year,Numeric,65.4%
FOD_DISCOVERY_DOY,FPA FOD Discovery Day of the Year,Numeric,86.5%
FOD_FIRE_SIZE,FPA FOD Total acres summed across all fires,Numeric,86.5%
FOD_ID,FPA FOD Identifier for larget fire,Numeric,86.5%
FOD_LATITUDE,FPA FOD Latitude for point of origin (decimal),Numeric,86.5%
FOD_LIST,List of FPA FOD fires associated with incident,Dictionary,86.5%
FOD_LONGITUDE,FPA FOD Longitude for point of origin (decimal),Numeric,86.5%
FOD_NUM_FIRES,Number of related fires in FPA FOD database,Numeric,86.5%
FUEL_MODEL,Primary Fuel Model,Categorical,72.1%
INCIDENT_DESCRIPTION,Description of incident,Text,<1%
INCIDENT_ID,Unique ID (Year+Inc#+Inc Name),Text,100.0%
INCIDENT_NAME,Incident Name (final reported name),Text,99.9%
INCIDENT_NUMBER,Incident Number (final report #),Text,100.0%
INCTYP_ABBREVIATION,"Incident type abbreviation (wf, rx)",Categorical,100.0%
INC_IDENTIFIER,Unique ID in Current System (2014+),Numeric,5.0%
INC_MGMT_NUM_SITREPS,Number of sitreps related to incident,Numeric,100.0%
INJURIES_TOTAL,Final number of reported injuries (zero values included),Numeric,100.0%
LL_CONFIDENCE,Lat/Long Confidence (H/M/L) (if updated),Categorical,5.2%
LL_UPDATE,True if we modified Lat/Long,Boolean,5.2%
LOCAL_TIMEZONE,Local timezone for incident (2014+),Categorical,0.2%
MTBS_FIRE_NAME,MTBS Fire Name (largest fire if multiple fires),Text,22.8%
MTBS_ID,MTBS Identifier (largest fire if multiple fires),Text,24.6%
POO_CITY,Point of origin - nearest city (2014+),Text,2.6%
POO_COUNTY,Point of origin - county,Text,80.0%
POO_LATITUDE,Point of origin - latitude (decimal),Float,98.2%
POO_LONGITUDE,Point of origin - longitude (decimal),Float,98.2%
POO_SHORT_LOCATION_DESC,Point of origin - location description,Text,98.0%
POO_STATE,Point of origin - state,Categorical,95.4%
PROJECTED_FINAL_IM_COST,Estimated final incident management cost,Numeric,53.0%
START_YEAR,Start year of incident,Numeric,100.0%
STR_DAMAGED_COMM_TOTAL,Total number of commercial structures damaged (zero values included),Numeric,100.0%
STR_DAMAGED_RES_TOTAL,Total number of residential structures damaged (zero values included),Numeric,100.0%
STR_DAMAGED_TOTAL,Total number of structures damaged (zero values included),Numeric,100.0%
STR_DESTROYED_COMM_TOTAL,Total number of commerical structures destroyed (zero values included),Numeric,100.0%
STR_DESTROYED_RES_TOTAL,Total number of residential structures destroyed (zero value included),Numeric,100.0%
STR_DESTROYED_TOTAL,Total number of structures destroyed (zero values included),Numeric,100.0%
STR_THREATENED_COMM_MAX,Maximum number of commercial structures threatened,Numeric,9.3%
STR_THREATENED_MAX,Maximum number of structures threatened,Numeric,38.2%
STR_THREATENED_RES_MAX,Maximum number of residential structures threatened,Numeric,32.6%
SUPPRESSION_METHOD,Suppression method code (e.g. FS = Full Suppression),Categorical,42.8%
TOTAL_AERIAL_SUM,Total aerial resources summed across incident,Numeric,34.9%
TOTAL_PERSONNEL_SUM,Total personnel resources summed across incident,Numeric,79.0%
WF_CESSATION_DATE,Date fire within 95% of final size,Datetime,98.3%
WF_CESSATION_DOY,Day of year fire is within 95% of final size,Numeric,98.3%
WF_GROWTH_DURATION,Number of days from discovery to final growth,Numeric,98.3%
WF_MAX_FSR,The maximum wildfire spread rate,Numeric,100.0%
WF_MAX_GROWTH_DATE,The date of maximum fire spread rate,Datetime,100.0%
WF_MAX_GROWTH_DOY,The day of year of maximum fire spread rate,Numeric,100.0%
WF_PEAK_AERIAL,Maximum value for TOTAL_AERIAL,Integer,34.9%
WF_PEAK_AERIAL_DATE,Date for the maximum TOTAL_AERIAL,Datetime,100.0%
WF_PEAK_AERIAL_DOY,Day of year for maximum TOTAL_AERIAL,Integer,100.0%
WF_PEAK_PERSONNEL,Maximum value for TOTAL_PERSONNEL,Integer,79.0%
WF_PEAK_PERSONNEL_DATE,Peak date for TOTAL_PERSONNEL,Datetime,100.0%
WF_PEAK_PERSONNEL_DOY,Peak day of year for TOTAL_PERSONNEL,Integer,100.0%