﻿Column Name, Description, Data Type, Fill Rate - all,Fill Rate - WF only
ACRES, Current Incident Area in Acres, Numeric,100.0%,100.0%
ADDTNL_COOP_ASSIST_ORG_NARR, Additional Cooperating Agencies, Text,43.7%,42.8%
CAUSE, Cause, Categorical,98.6%,99.3%
COMPLEX, Complex Flag (T/F), Boolean,96.9%,99.6%
COMPLEXITY_LEVEL_ NARR, For 2014 stores Team Type, Text,3.1%,3.1%
COMPLEX_NAME, Name of Complex for historical data, Text,16.3%,16.7%
CRIT_RES_NEEDS_NARR, Critical Resource Needs Narrative, Text,60.9%,60.2%
CURRENT_THREAT_NARR, Current Threat Summary, Text,53.1%,53.9%
CURR_INCIDENT_AREA, Current Incident Area, Numeric,84.0%,85.9%
CURR_INC_AREA_UOM, Current Incident Area Unit of Measure, Categorical,87.6%,87.4%
CY, Current Year, Numeric,100.0%,100.0%
DISCOVERY_DATE, Discovery Date for Hazard, Date/Time,100.0%,100.0%
DISCOVERY_DATE_DOY, Julian day of year for discovery, Julian Day,100.0%,100.0%
DISPATCH_PRIORITY, Dispatch Priority, Numeric,14.5%,14.8%
EDAMAGE, Estimate of Damage (Historical System 1 only), Numeric,1.5%,1.5%
EST_IM_COST_TO_DATE, Estimated Incident Management Costs, Numeric,69.4%,69.1%
EVACUATION_IN_PROGRESS, Evacuations , Boolean,82.6%,82.3%
EXPECTED_CONTAINMENT_DATE, Expected Containment Date, Date/Time,56.6%,57.9%
FATALITIES, Number of Fatalities (includes zero values), Numeric,100.0%,100.0%
FATALITIES_THIS_PERIOD, Number of fatalities in current reporting period, Numeric,1.8%,1.8%
FB_ACTIVE, General Fire Behavior Flag (Historical System 2 only), Boolean,82.9%,82.6%
FB_BACKING, Specific Fire Behavior Flag (Historical System 2 only), Boolean,82.9%,82.6%
FB_CREEPING, Specific Fire Behavior Flag (Historical System 2 only), Boolean,82.9%,82.6%
FB_CROWNING, Specific Fire Behavior Flag (Historical System 2 only), Boolean,82.9%,82.6%
FB_EXTREME, General Fire Behavior Flag (Historical System 2 only), Boolean,82.9%,82.6%
FB_FLANKING, Specific Fire Behavior Flag (Historical System 2 only), Boolean,82.9%,82.6%
FB_MINIMAL, General Fire Behavior Flag (Historical System 2 only), Boolean,82.9%,82.6%
FB_MODERATE, General Fire Behavior Flag (Historical System 2 only), Boolean,82.9%,82.6%
FB_RUNNING, Specific Fire Behavior Flag (Historical System 2 only), Boolean,82.9%,82.6%
FB_SMOLDERING, Specific Fire Behavior Flag (Historical System 2 only), Boolean,82.9%,82.6%
FB_SPOTTING, Specific Fire Behavior Flag (Historical System 2 only), Boolean,82.9%,82.6%
FB_TORCHING, Specific Fire Behavior Flag (Historical System 2 only), Boolean,82.9%,82.6%
FB_WIND_DRIVEN, Specific Fire Behavior Flag (Historical System 2 only), Boolean,82.9%,82.6%
FIRE_EVENT_ID, Individual Fire Event ID, Text,97.1%,100.0%
FUEL_MODEL, Fuel Model (Anderson), Categorical,71.5%,73.3%
GACC_PRIORITY, Geographic Area Coordination Center Priority, Numeric,21.3%,21.8%
GROWTH_POTENTIAL, Growth Potential: Low/Medium/High/Extreme (Historical System 2), Categorical,68.0%,69.6%
HAZARDS_MATLS_INVOLVMENT_NARR, Description of Fuels and Materials Involved in Hazard, Text,66.3%,67.6%
IMT_MGMT_ORG_DESC, Incident Management Organization Description, Categorical,80.1%,80.0%
INC209R_IDENTIFIER, Internal Daily Situation Report ID, Numeric, Internal use,Internal use
INCIDENT_COMMANDERS_NARR, Incident Commanders Narrative Text Field (Incident Commander/Team), Text,92.6%,92.4%
INCIDENT_DESCRIPTION, Text Description of Incident (Current System only), Text,0.8%,0.8%
INCIDENT_ID, Incident Unique Identifier, Text,100.0%,100.0%
INCIDENT_JURISDICTION, Incident Jurisdiction (e.g. NPS or USFS) (Current System only), Text,<.1%,<.1%
INCIDENT_NAME, Current Name of Incident, Text,100.0%,100.0%
INCIDENT_NUMBER, Incident Management Identifier  , Text,100.0%,100.0%
INCTYP_ABBREVIATION, Incident Abbreviation (e.g. WF or HU), Categorical,100.0%,100.0%
INCTYP_DESC, Incident Type Full Description, Text,100.0%,100.0%
INC_IDENTIFIER, Internal Incident ID, Numeric, Internal use,Internal use
INJURIES, Number of injuries this period (includes zero values), Numeric,100.0%,100.0%
INJURIES_TO_DATE, Number of injuries to date (includes zero values), Numeric,100.0%,100.0%
LIFE_SAFETY_HEALTH_STATUS_NARR, Life Safety & Health Status Narrative (Current System only), Text,2.4%,2.5%
LL_CONFIDENCE, Level of confidence in estimated latitude-longitude low(l/medium(m)/high(h), Categorical,3.6%,3.7%
LL_UPDATE, True if latitude/longitude contains updated/estimated value, Boolean,3.6%,3.7%
LOCAL_TIMEZONE, Local Timezone Description (Current System only), Categorical,0.1%,0.1%
MAJOR_PROBLEMS, Major Problems Narrative (Historical System 2 only), Text,59.0%,59.2%
MAX_FIRE_PCT_FINAL_SIZE,Percentage of maximum final fire size (Wildfire sitreps only),Numeric,,99.3%
NEW_ACRES, Acres growth since previous report, Numeric,100.0%,100.0%
NUM_EVACUATED, Current Number of Evacuees (Current System only), Numeric,1.8%,1.8%
NUM_EVAC_TO_DATE, Total Number Evacuated to Date (Current System only), Numeric,1.8%,1.8%
OBS_FIRE_BEHAVE, Observed Fire Behavior Narrative (Historical System 2), Text,55.4%,56.9%
PCT_CONTAINED_COMPLETED, Percent Contained or Completed,Percentage,88.7%,91.0%
PCT_CONT_COMPL_UOM_ABBREV,Unit of measurement (Percent or MMA),Categorical,83.0%,82.6%
PCT_PERIM_TO_BE_CONTAINED,Target Percent Containment,Percentage,5.0%,5.1%
PLANNED_ACTIONS, Planned Actions Narrative, Text,62.1%,62.1%
POO_CITY, City or Nearest City (Current System only), Text,3.3%,3.4%
POO_COUNTY, County of Origin, Text,78.7%,78.3%
POO_LATITUDE, Start Location Latitude, Numeric,97.7%,98.4%
POO_LD_PM, PLSS Prime Meridian (Current System only), Categorical,2.2%,2.3%
POO_LD_QTR_QTR_SEC, PLSS Quarter Quarter Section Number (Current System only), Numeric,1.0%,1.0%
POO_LD_QTR_SEC, PLSS Quarter Section Number (Current System only), Numeric,1.1%,1.1%
POO_LD_RGE, PLSS Range Number (Current System only), Numeric,2.2%,2.3%
POO_LD_SEC, PLSS Section Number (Current System only), Numeric,2.2%,2.3%
POO_LD_TWP, PLSS Township (Current System only), Text,2.2%,2.3%
POO_LONGITUDE, Start Location Longitude, Numeric,97.7%,98.4%
POO_SHORT_LOCATION_DESC, Location Description, Text,98.6%,98.7%
POO_STATE, Point of Origin State, Categorical,93.6%,93.5%
POO_STATE_NAME, Full State Name (e.g. Oregon), Categorical,93.6%,93.5%
POTENTIAL, True if potential threat to human safety (Historical System 2 only), Boolean,82.5%,82.1%
PROJECTED_ACTIVITY_NARR, Projected Activity Narrative, Text,50.4%,51.5%
PROJECTED_FINAL_IM_COST, Estimate of final incident management cost, Numeric,69.4%,69.1%
PROJ_INCIDENT_AREA, Projected Incident Area, Numeric,45.8%,47.0%
PROJ_INC_AREA_UOM, Projected Area Units (e.g. Acres), Categorical,2.8%,2.9%
PROJ_SIG_RES_DEMOB_START_DATE, Projected Demobe Start Date, Date/Time,34.7%,35.2%
REMARKS, General Remarks Field, Text,61.0%,60.8%
REPORT_DAY_SPAN, Day span for the current report, Numeric,100.0%,100.0%
REPORT_DOY, Julian day of year for report (using REPORT_TO_DATE), Numeric,100.0%,100.0%
REPORT_FROM_DATE, Starting Timestamp for Sitrep (Current System only), Date/Time,5.0%,5.0%
REPORT_TO_DATE, Submission Timestamp for Sitrep, Date/Time,100.0%,100.0%
RES_BENEFITS, Identified Resource Benefits (Historical System 2), Text,3.3%,3.3%
RISK_ASSESSMENT, Risk Assessment Narrative (Historical System 2), Text,0.9%,0.9%
SIGNIF_EVENTS_SUMMARY, Significant Events During Report Interval, Text,56.3%,55.9%
START_YEAR, Starting year of incident, Numeric,100.0%,100.0%
STATUS, Report Status (Initial/Update/Final), Text,87.9%,87.7%
STRATEGIC_NARR, Strategic Narrative (Current System only)_, Text,3.7%,3.8%
STR_DAMAGED, Number of structures damaged (zero values included), Numeric,100.0%,100.0%
STR_DAMAGED_COMM, Number of commercial structures damaged (zero values included), Numeric,100.0%,100.0%
STR_DAMAGED_RES, Number of residential structures damaged (zero values included), Numeric,100.0%,100.0%
STR_DESTROYED, Number of structures destroyed (zero values included), Numeric,100.0%,100.0%
STR_DESTROYED_COMM, Number of commercial structures destroyed (zero values included), Numeric,100.0%,100.0%
STR_DESTROYED_RES, Number of residential structures destroyed (zero values included), Numeric,100.0%,100.0%
STR_THREATENED, Number of structures currently threatened, Numeric,46.6%,47.4%
STR_THREATENED_COMM, Number of commercial structures currently threatened, Numeric,46.6%,47.4%
STR_THREATENED_RES, Number of residential structures currently threatened, Numeric,46.6%,47.4%
SUPPRESSION_METHOD, Primary Suppression Method, Text,42.1%,43.4%
SUPPRESSION_METHOD_FULLNAME, Full description, Text,42.1%,43.4%
TARGETS_MET, Progress Towards Containment, Text,38.8%,39.6%
TERRAIN, Terrain Difficulty:  Low/Med High/Extreme, Categorical,68.4%,69.9%
TOTAL_AERIAL, Total current number of aerial resources, Numeric,84.6%,84.3%
TOTAL_PERSONNEL, Total current personnel (derived from resources table), Numeric,85.7%,85.4%
UNIT_OR_OTHER_NARR, Unit Narrative, Text,88.7%,88.4%
WEATHER_CONCERNS_NARR,Current and forecast weather conditions. , Text,62.9%,63.0%
WF_FSR,Wildfire Fire Spread Rate (new acres divided by time since last report) Wildfire sitreps only,Numeric,100.0%,100.0%